id,titulo,anio,duracion,genero,plataforma,estreno_cine,actores,directores,votos,puntuacion,poster_url
507086,Jurassic World: Dominion,2022,147,"Aventura, Acción, Ciencia ficción",Amblin Entertainment,2022-06-01,"Chris Pratt, Bryce Dallas Howard, Laura Dern",Colin Trevorrow,6442,6.662,https://image.tmdb.org/t/p/w500/AoMMjYFvaxX2aELmpRv6d7EAFmm.jpg
1040159,My Massive Cock,2022,47,Documental,Channel 4 Television,2022-10-24,"Matt Barr, Julia Davis",Mike Nicholls,9,6.222,https://image.tmdb.org/t/p/w500/9JQHViS8uugeWKfFsnEj3xTB2dZ.jpg
536554,M3GAN,2022,102,"Ciencia ficción, Terror",Atomic Monster,2022-12-28,"Allison Williams, Violet McGraw, Ronny Chieng",Gerard Johnstone,4302,7.049,https://image.tmdb.org/t/p/w500/tv3Yjn78U8hFGFrkSypiIhHNUh3.jpg
829557,365 días: Aquel día,2022,111,"Romance, Drama",Ekipa,2022-04-26,"Anna-Maria Sieklucka, Michele Morrone, Simone Susinna","Tomasz Mandes, Barbara Białowąs",1732,5.906,https://image.tmdb.org/t/p/w500/k3J2GdYxhR6U2RfsHZOsmHVKW7m.jpg
361743,Top Gun: Maverick,2022,131,"Acción, Drama",Skydance Media,2022-05-21,"Tom Cruise, Val Kilmer, Miles Teller",Joseph Kosinski,9960,8.175,https://image.tmdb.org/t/p/w500/AlWpEpQq0RgZIXVHAHZtFhEvRgd.jpg
76600,Avatar: El sentido del agua,2022,192,"Ciencia ficción, Aventura, Acción",20th Century Studios,2022-12-14,"Sam Worthington, Zoe Saldaña, Sigourney Weaver",James Cameron,12644,7.61,https://image.tmdb.org/t/p/w500/bqOqQ2Tawum3eHKNrc94P4EeaZB.jpg
315162,El Gato con Botas: El último deseo,2022,103,"Animación, Aventura, Fantasía, Comedia, Familia",DreamWorks Animation,2022-12-07,"Antonio Banderas, Salma Hayek Pinault, Harvey Guillén",Joel Crawford,8266,8.216,https://image.tmdb.org/t/p/w500/b5Jb7GoQaqIXy4VEdnQa0UrQZI.jpg
414906,Batman,2022,176,"Crimen, Misterio, Suspense",6th & Idaho Motion Picture Company,2022-03-01,"Robert Pattinson, Zoë Kravitz, Jeffrey Wright",Matt Reeves,10998,7.657,https://image.tmdb.org/t/p/w500/mo7teil1qH0SxgLijnqeYP1Eb4w.jpg
985939,Vértigo,2022,107,Suspense,Tea Shop Productions,2022-08-11,"Grace Caroline Currey, Virginia Gardner, Jeffrey Dean Morgan",Scott Mann,4163,7.138,https://image.tmdb.org/t/p/w500/aOidBN8Ch4LD6M9HyvDjTqM9fLF.jpg
1052243,MANUEL,2022,18,,N/A,2022-11-23,,"Stefano Mangoni, Mario d'Anna",1,10.0,https://image.tmdb.org/t/p/w500/hpYt0ouIHcZhbxQDT4JFXLY3fih.jpg
675353,Sonic 2: La película,2022,122,"Acción, Aventura, Familia, Comedia",Original Film,2022-03-30,"Ben Schwartz, James Marsden, Tika Sumpter",Jeff Fowler,5551,7.466,https://image.tmdb.org/t/p/w500/sJiHVM0A3OXDVxl4Z6a7ihMPHfm.jpg
818647,A través de mi ventana,2022,112,"Romance, Drama, Comedia",Nostromo Pictures,2022-02-04,"Clara Galle, Julio Peña, Guillermo Lasheras",Marçal Forés,3247,7.364,https://image.tmdb.org/t/p/w500/3F5MkMadQOWiZNVaNuOuw6UaK7a.jpg
505642,Black Panther: Wakanda Forever,2022,162,"Acción, Aventura, Ciencia ficción",Marvel Studios,2022-11-09,"Letitia Wright, Tenoch Huerta Mejía, Lupita Nyong'o",Ryan Coogler,6895,7.055,https://image.tmdb.org/t/p/w500/mYpT2R7639KvKZ668uoQGS2QNFp.jpg
851644,Una chica del siglo XX,2022,119,"Romance, Drama",Yong Film,2022-10-06,"김유정, 변우석, 박정우",Bang Woo-ri,739,8.187,https://image.tmdb.org/t/p/w500/4kU4QFgExCgybhcKv1mzZ0vuND6.jpg
453395,Doctor Strange en el multiverso de la locura,2022,126,"Fantasía, Acción, Aventura",Marvel Studios,2022-05-04,"Benedict Cumberbatch, Xochitl Gomez, Elizabeth Olsen",Sam Raimi,9608,7.258,https://image.tmdb.org/t/p/w500/xu0RftYPT4crY4ZSf9SMa5UM8dr.jpg
766507,Predator: La presa,2022,100,"Suspense, Acción, Ciencia ficción",20th Century Studios,2022-08-02,"Amber Midthunder, Dakota Beavers, Michelle Thrush",Dan Trachtenberg,7085,7.686,https://image.tmdb.org/t/p/w500/sNAMqQ9T7YnXnvUSufeWzaRgK6Y.jpg
718930,Bullet Train,2022,126,"Acción, Comedia, Suspense",87North Productions,2022-08-03,"Brad Pitt, Joey King, Aaron Taylor-Johnson",David Leitch,6726,7.435,https://image.tmdb.org/t/p/w500/ybSIUt48PsM08F4UZwHdjL9ZVG2.jpg
545611,Todo a la vez en todas partes,2022,137,"Acción, Aventura, Ciencia ficción",IAC Films,2022-03-24,"Michelle Yeoh, Stephanie Hsu, Ke Huy Quan","Daniel Scheinert, Daniel Kwan",7119,7.756,https://image.tmdb.org/t/p/w500/9R1zEZJkIah6GuLwFZWsuygn552.jpg
928334,O Amante de Júlia,2022,106,"Romance, Drama",Orkhestra Filmes,2022-01-18,"Bianca Bin, Rômulo Estrela, Sérgio Guizé",Vinicius Coimbra,6,5.583,https://image.tmdb.org/t/p/w500/qcXamFmCTlSybSvyboN6PaS1bJG.jpg
508947,Red,2022,100,"Animación, Familia, Comedia, Fantasía",Pixar,2022-03-10,"Rosalie Chiang, Sandra Oh, Ava Morse",Domee Shi,5439,7.347,https://image.tmdb.org/t/p/w500/tYRd7O5Eht4jypJQrMWnCi26880.jpg
756999,Black Phone,2022,102,"Terror, Suspense",Blumhouse Productions,2022-06-17,"Mason Thames, Ethan Hawke, Madeleine McGraw",Scott Derrickson,5172,7.57,https://image.tmdb.org/t/p/w500/1D2R2wIgbTyXTPzmyJIKSbVN9wG.jpg
615173,The Witch: Part 2. The Other One,2022,137,"Acción, Misterio, Suspense, Ciencia ficción",Peppermint & Company,2022-06-15,"신시아, 박은빈, 서은수",박훈정,371,7.309,https://image.tmdb.org/t/p/w500/69PKcXBS3Y7TONH1BTGI078kMCi.jpg
937278,El peor vecino del mundo,2022,126,"Comedia, Drama",Playtone,2022-12-28,"Tom Hanks, Mariana Treviño, Cameron Britton",Marc Forster,3160,7.758,https://image.tmdb.org/t/p/w500/8bNLrZt9lrmnt6LsaGG8GfDfgYR.jpg
585511,Luck,2022,105,"Animación, Aventura, Comedia, Fantasía",Skydance Animation,2022-08-05,"Eva Noblezada, Simon Pegg, Jane Fonda",Peggy Holmes,1811,7.769,https://image.tmdb.org/t/p/w500/bwlHp4KsAyuEIAtbYs4mxCkrgyx.jpg
629542,Los tipos malos,2022,100,"Familia, Comedia, Crimen, Aventura, Animación",DreamWorks Animation,2022-03-17,"Sam Rockwell, Marc Maron, Awkwafina",Pierre Perifel,2177,7.5,https://image.tmdb.org/t/p/w500/czxHSOXyKd6zEvIOvUTxAwqOjcK.jpg
335787,Uncharted,2022,115,"Acción, Aventura",Columbia Pictures,2022-02-10,"Tom Holland, Mark Wahlberg, Sophia Ali",Ruben Fleischer,6304,6.907,https://image.tmdb.org/t/p/w500/6hlI9Ea1O4IeJ2cj7OiNinqg8Qd.jpg
436270,Black Adam,2022,124,"Acción, Aventura, Ciencia ficción",New Line Cinema,2022-10-19,"Dwayne Johnson, Aldis Hodge, Noah Centineo",Jaume Collet-Serra,6597,6.9,https://image.tmdb.org/t/p/w500/moDLTCdLx38kMhN53KOTw0LdWMh.jpg
585083,Hotel Transilvania: Transformanía,2022,92,"Animación, Comedia, Familia, Aventura, Fantasía",Sony Pictures Animation,2022-01-31,"Andy Samberg, Selena Gómez, Kathryn Hahn","Jennifer Kluska, Derek Drymon",2878,7.065,https://image.tmdb.org/t/p/w500/xNF8AxJc966FWk4SYqXxGHaZLHZ.jpg
615777,Babylon,2022,188,"Drama, Comedia",Paramount Pictures,2022-12-22,"Diego Calva, Margot Robbie, Brad Pitt",Damien Chazelle,3395,7.377,https://image.tmdb.org/t/p/w500/9bHTq4XfYpAZcgzTLoPAElMytMj.jpg
616037,Thor: Love and Thunder,2022,119,"Fantasía, Acción, Comedia",Marvel Studios,2022-07-06,"Chris Hemsworth, Natalie Portman, Christian Bale",Taika Waititi,7987,6.411,https://image.tmdb.org/t/p/w500/z9ajF6E39Hg2pXUofmUYgZHvdX.jpg
438148,Minions: El origen de Gru,2022,87,"Familia, Comedia, Aventura, Animación",Universal Pictures,2022-06-29,"Steve Carell, Pierre Coffin, Alan Arkin",Kyle Balda,3762,7.296,https://image.tmdb.org/t/p/w500/h4cuPo1iZAxdNNA6OUS2OoDYZjF.jpg
619979,Aguas profundas,2022,115,"Drama, Misterio, Suspense",New Regency Pictures,2022-03-17,"Ben Affleck, Ana de Armas, Tracy Letts",Adrian Lyne,1475,5.824,https://image.tmdb.org/t/p/w500/aarAi6bp8Cl3RYXy2lpeLc1hGS7.jpg
760104,X,2022,105,"Terror, Suspense",A24,2022-03-17,"Mia Goth, Jenna Ortega, Brittany Snow",Ti West,3558,6.7,https://image.tmdb.org/t/p/w500/4pCSBPHUPia93rppHF3UX4cLQ9M.jpg
646385,Scream,2022,120,"Terror, Misterio",Paramount Pictures,2022-01-12,"Melissa Barrera, Jenna Ortega, Mason Gooding","Tyler Gillett, Matt Bettinelli-Olpin",3497,6.677,https://image.tmdb.org/t/p/w500/uWKJyIISWzP7KmB2vcgrX7xyhUh.jpg
913290,Barbarian,2022,103,"Terror, Suspense",BoulderLight Pictures,2022-09-08,"Georgina Campbell, Justin Long, Bill Skarsgård",Zach Cregger,2724,6.829,https://image.tmdb.org/t/p/w500/rHDL6LTRgc9h3oGkeoWVJpnkhTI.jpg
744276,After: Amor infinito,2022,95,"Romance, Drama",Voltage Pictures,2022-08-24,"Josephine Langford, Hero Fiennes Tiffin, Louise Lombard",Castille Landon,1287,6.799,https://image.tmdb.org/t/p/w500/vcI9BD5kMmVI45Pzj5B1ZaGpFIR.jpg
829560,365 días más,2022,112,"Romance, Drama",Ekipa,2022-08-18,"Anna-Maria Sieklucka, Michele Morrone, Simone Susinna","Barbara Białowąs, Tomasz Mandes",1221,6.359,https://image.tmdb.org/t/p/w500/dvKpJZUxI1Rsgvrl8HHv62CpBBh.jpg
338953,Animales fantásticos: Los secretos de Dumbledore,2022,143,"Fantasía, Aventura",Warner Bros. Pictures,2022-04-06,"Eddie Redmayne, Jude Law, Mads Mikkelsen",David Yates,4742,6.642,https://image.tmdb.org/t/p/w500/yOeuJdwag4bAlnvgrdweRoiuXGC.jpg
949423,Pearl,2022,101,"Terror, Suspense",A24,2022-09-16,"Mia Goth, David Corenswet, Tandi Wright",Ti West,2221,7.248,https://image.tmdb.org/t/p/w500/z5uIG81pXyHKg7cUFIu84Wjn4NS.jpg
979077,Fernanda,2022,12,Comedia,N/A,2022-06-20,"Lorena Russi, Yara Martinez, Justina Machado",Mary Angélica Molina,3,5.333,https://image.tmdb.org/t/p/w500/q1eUNZ55yINqWZwSdzFQNSwKJiK.jpg
593643,El menú,2022,106,"Comedia, Terror, Suspense",Hyperobject Industries,2022-11-17,"Anya Taylor-Joy, Ralph Fiennes, Nicholas Hoult",Mark Mylod,5407,7.174,https://image.tmdb.org/t/p/w500/eNcfCScUUyHQyjP84P25a8ColWp.jpg
1017129,Чинк - хвостатый детектив,2022,85,"Animación, Comedia, Misterio, Aventura, Familia",Central Partnership,2022-11-17,"Ivan Chaban, Александр Олешко, Михаил Кшиштовский",Григорий Вожакин,3,9.167,https://image.tmdb.org/t/p/w500/fXkdpstjgSnaLX1iFxQh62mIa3L.jpg
882598,Smile,2022,115,"Terror, Misterio",Paramount Players,2022-09-23,"Sosie Bacon, Kyle Gallner, Jessie T. Usher",Parker Finn,3617,6.665,https://image.tmdb.org/t/p/w500/qJO54b6LsBmEkMxdW8ZziL9Mnam.jpg
663712,Terrifier 2,2022,138,"Terror, Suspense",Dark Age Cinema,2022-10-06,"David Howard Thornton, Lauren LaVera, Elliott Fullam",Damien Leone,2266,6.713,https://image.tmdb.org/t/p/w500/1jpaJU7mqyzCWkLwakpVxlBv9lA.jpg
698508,Amor redentor,2022,134,"Romance, Drama, Western",Mission Pictures International,2022-01-21,"Abigail Cowen, Tom Lewis, Eric Dane",D.J. Caruso,632,7.839,https://image.tmdb.org/t/p/w500/vBpxJkFsfSjghmrizJr5xhQyACQ.jpg
579974,RRR,2022,185,"Acción, Aventura, Drama",DVV Entertainment,2022-03-24,"N.T. Rama Rao Jr., Ram Charan, Olivia Morris",S. S. Rajamouli,1421,7.758,https://image.tmdb.org/t/p/w500/sxI1qKDHZRAi2LPmJUPhQ2x1u07.jpg
526896,Morbius,2022,109,"Acción, Ciencia ficción, Fantasía",Columbia Pictures,2022-03-30,"Jared Leto, Matt Smith, Adria Arjona",Daniel Espinosa,4513,5.957,https://image.tmdb.org/t/p/w500/4jcJHqIVsb4MFdYrDajXeEVlDvH.jpg
556694,Tres mil años esperándote,2022,108,"Drama, Fantasía, Romance",FilmNation Entertainment,2022-08-24,"Tilda Swinton, Idris Elba, Erdil Yaşaroğlu",George Miller,1483,6.901,https://image.tmdb.org/t/p/w500/jLn7xoVjptsXYUQX8eHphdQycZe.jpg
762975,Corazones malheridos,2022,122,"Romance, Drama",Alloy Entertainment,2022-07-29,"Sofia Carson, Nicholas Galitzine, John Harlan Kim",Elizabeth Allen Rosenbaum,2688,8.082,https://image.tmdb.org/t/p/w500/ndp4yIfg04i3raprDJ0UKWD8IK9.jpg
810171,El aparcacoches,2022,124,"Comedia, Romance",3Pas Studios,2022-05-11,"Eugenio Derbez, Samara Weaving, Max Greenfield",Richard Wong,588,7.492,https://image.tmdb.org/t/p/w500/aRPYEiXKgOmZ4mwZ8BQwFMp2Ejw.jpg
1181039,La tumba del rey maldito,2023,94,"Acción, Aventura, Terror",Beijing Reliable Media,2023-09-22,"罗立群, 张维威, Hu Xue'er",代艺霖,20,6.7,https://image.tmdb.org/t/p/w500/Ak5gLdMklxjPjKyUEUDK6P2wt2y.jpg
1214667,Así se hizo ‘El juego del calamar: El desafío',2023,30,Documental,N/A,2023-12-06,"Nicola Brown, Rikki Finlay, Tim Harcourt",,164,7.881,https://image.tmdb.org/t/p/w500/78yTLvtsMntVN1cLfzBuZj870pe.jpg
1010581,Culpa mía,2023,117,"Romance, Drama",Pokeepsie Films,2023-06-08,"Nicole Wallace, Gabriel Guevara, Marta Hazas",Domingo González,3730,7.8,https://image.tmdb.org/t/p/w500/gp31EwMH5D2bftOjscwkgTmoLAB.jpg
1026542,Baby Blue,2023,90,"Terror, Comedia",XYZ Films,2023-04-16,"Dylan Sprayberry, Lia McHugh, Anthony Turpel",Adam Mason,11,5.0,https://image.tmdb.org/t/p/w500/z1BrCBJgG0VvehXHiIgxDrjNBhG.jpg
872585,Oppenheimer,2023,181,"Drama, Historia",Syncopy,2023-07-19,"Cillian Murphy, Emily Blunt, Matt Damon",Christopher Nolan,10382,8.1,https://image.tmdb.org/t/p/w500/5t05uhX5ULn8Um2f1ZuznVvIffU.jpg
385687,Fast & Furious X,2023,141,"Acción, Crimen, Suspense, Aventura, Misterio",Universal Pictures,2023-05-17,"Vin Diesel, Michelle Rodríguez, Tyrese Gibson",Louis Leterrier,5935,7.037,https://image.tmdb.org/t/p/w500/3P9QvWVN02Etn4kYGC702WVoXEb.jpg
897160,Mujer Valiente,2023,112,"Acción, Drama, Comedia",Studio N,2023-10-25,"신혜선, 이준영, 박정우",박진표,51,7.049,https://image.tmdb.org/t/p/w500/hdqbujWmlmsdVm62Ob8sGuC2kDk.jpg
575264,Misión: Imposible - Sentencia mortal parte uno,2023,163,"Acción, Aventura, Suspense",Paramount Pictures,2023-07-08,"Tom Cruise, Hayley Atwell, Ving Rhames",Christopher McQuarrie,4415,7.531,https://image.tmdb.org/t/p/w500/83sGKvCv2T2CulYbd40Aeduc7n2.jpg
603692,John Wick 4,2023,170,"Acción, Suspense, Crimen",Thunder Road,2023-03-22,"Keanu Reeves, Donnie Yen, Bill Skarsgård",Chad Stahelski,7181,7.7,https://image.tmdb.org/t/p/w500/mj2Z9HnRSIEk3n7yVPoOY4Uzzfh.jpg
346698,Barbie,2023,114,"Comedia, Aventura",LuckyChap Entertainment,2023-06-18,"Margot Robbie, Ryan Gosling, America Ferrera",Greta Gerwig,10037,7.0,https://image.tmdb.org/t/p/w500/fNtqD4BTFj0Bgo9lyoAtmNFzxHN.jpg
1234720,부부 교환 - 무삭제,2023,90,Romance,N/A,2023-03-16,"Min Jo-ah, Do Hee, 민도윤",Jang Kwon,2,9.5,https://image.tmdb.org/t/p/w500/7WFlsCBnVyVfJxZWprAkU4poCaJ.jpg
1029575,Plan en familia,2023,118,"Acción, Comedia, Familia",Municipal Pictures,2023-12-14,"Mark Wahlberg, Michelle Monaghan, Maggie Q",Simon Cellan Jones,1553,7.271,https://image.tmdb.org/t/p/w500/7mEX07jWRYrjarW84sBeFghGMfa.jpg
1092073,The Haunting at Saint Joseph's,2023,100,"Terror, Suspense",N/A,2023-02-26,"Tim Spriggs, Melissa Brattoni, Brandon Krum",Jon Cohen,12,4.5,https://image.tmdb.org/t/p/w500/ck9tMVSvGmkPuQvOezhfpYJMgs8.jpg
569094,Spider-Man: Cruzando el Multiverso,2023,140,"Animación, Acción, Aventura, Ciencia ficción",Columbia Pictures,2023-05-31,"Shameik Moore, Hailee Steinfeld, Brian Tyree Henry","Kemp Powers, Justin K. Thompson, Joaquim Dos Santos",7670,8.347,https://image.tmdb.org/t/p/w500/37WcNMgNOMxdhT87MFl7tq7FM1.jpg
502356,Super Mario Bros: La película,2023,92,"Familia, Comedia, Aventura, Animación, Fantasía",Universal Pictures,2023-04-05,"Chris Pratt, Anya Taylor-Joy, Charlie Day","Aaron Horvath, Michael Jelenic",9782,7.619,https://image.tmdb.org/t/p/w500/zNKs1T0VZuJiVuhuL5GSCNkGdxf.jpg
667538,Transformers: El despertar de las bestias,2023,127,"Ciencia ficción, Aventura, Acción",Skydance Media,2023-06-06,"Anthony Ramos, Dominique Fishback, Peter Cullen",Steven Caple Jr.,4955,7.224,https://image.tmdb.org/t/p/w500/peIB7KBBrqW0JsCLQBt9ChEtZ7m.jpg
980489,Gran Turismo,2023,134,"Aventura, Acción, Drama",PlayStation Productions,2023-08-09,"Archie Madekwe, David Harbour, Orlando Bloom",Neill Blomkamp,3014,7.8,https://image.tmdb.org/t/p/w500/tVj5dn15iwkMhjU2wIih1yMy5LK.jpg
868759,Ghosting,2023,117,"Acción, Comedia, Romance",Skydance Media,2023-04-18,"Chris Evans, Ana de Armas, Adrien Brody",Dexter Fletcher,1937,6.943,https://image.tmdb.org/t/p/w500/zSw2JeQ03GivcS4VKJmWK5sYi1F.jpg
298618,Flash,2023,144,"Aventura, Acción, Ciencia ficción",Warner Bros. Pictures,2023-06-13,"Ezra Miller, Sasha Calle, Michael Keaton",Andy Muschietti,4587,6.649,https://image.tmdb.org/t/p/w500/gNbZNuZ2fBferjJspfmvnskODGc.jpg
940551,Migración. Un viaje patas arriba,2023,82,"Familia, Comedia, Aventura, Animación",Universal Pictures,2023-12-06,"Kumail Nanjiani, Elizabeth Banks, Caspar Jennings",Benjamin Renner,2041,7.388,https://image.tmdb.org/t/p/w500/diEeiB2DmZZadHISkg24RO2n0rT.jpg
976573,Elemental,2023,102,"Animación, Comedia, Familia, Fantasía, Romance",Pixar,2023-06-14,"Leah Lewis, Mamoudou Athie, Ronnie del Carmen",Peter Sohn,4843,7.613,https://image.tmdb.org/t/p/w500/d79DeKDCgFOM23O8Dr6MELZVooY.jpg
572802,Aquaman y el reino perdido,2023,124,"Acción, Aventura, Fantasía",Warner Bros. Pictures,2023-12-20,"Jason Momoa, Patrick Wilson, Yahya Abdul-Mateen II",James Wan,3122,6.6,https://image.tmdb.org/t/p/w500/a0QwtpUNIKjOlNoOVmk7d2LFnQW.jpg
507089,Five Nights at Freddy's,2023,109,"Terror, Suspense",Blumhouse Productions,2023-10-25,"Josh Hutcherson, Piper Rubio, Elizabeth Lail",Emma Tammi,4424,7.44,https://image.tmdb.org/t/p/w500/8KzQdF8xERPFvCnrHKfaXuNQBH4.jpg
926393,The Equalizer 3,2023,109,"Acción, Suspense, Crimen",Columbia Pictures,2023-08-30,"Denzel Washington, Dakota Fanning, Eugenio Mastrandrea",Antoine Fuqua,3319,7.314,https://image.tmdb.org/t/p/w500/eJKmexmCLwuxOxlAURSMnBVkfmY.jpg
615656,Megalodón 2: La fosa,2023,116,"Acción, Ciencia ficción, Terror",Apelles Entertainment,2023-08-02,"Jason Statham, 吴京, Shuya Sophia Cai",Ben Wheatley,3622,6.43,https://image.tmdb.org/t/p/w500/mBgynPDplmo5JTY9VfGqY35OjDu.jpg
447365,Guardianes de la Galaxia: Volumen 3,2023,150,"Ciencia ficción, Aventura, Acción, Comedia",Marvel Studios,2023-05-03,"Chris Pratt, Zoe Saldaña, Dave Bautista",James Gunn,7451,7.9,https://image.tmdb.org/t/p/w500/6GkKzdNosVAL7UGgwTtCHSxLQ67.jpg
1092899,El Asedio,2023,97,"Acción, Suspense",MSR Media SKN,2023-03-10,"Daniel Stisen, Lauren Okadigbo, Yennis Cheung",Brad Watson,54,5.528,https://image.tmdb.org/t/p/w500/d9jrfsJx7wkDnouIqwnXQ7xayIm.jpg
1072790,Cualquiera menos tú,2023,103,"Romance, Comedia",Olive Bridge Entertainment,2023-12-21,"Sydney Sweeney, Glen Powell, Mia Artemis",Will Gluck,2616,6.85,https://image.tmdb.org/t/p/w500/vXT7jcza5CPEL9Fo4VSgW5hV7gb.jpg
1135869,Kelas Bintang - Salome,2023,59,"Drama, Romance",Kelas Bintang,2023-05-13,"Ariele Bellus, Bima Prawira, Virly Virginia",,2,10.0,https://image.tmdb.org/t/p/w500/9R94k6pMdLWHwzxSSlKVrPo0EE3.jpg
447277,La sirenita,2023,135,"Aventura, Familia, Fantasía, Romance",Walt Disney Pictures,2023-05-18,"Halle Bailey, Jonah Hauer-King, Melissa McCarthy",Rob Marshall,3085,6.315,https://image.tmdb.org/t/p/w500/mdszPVnIY7cWgbgJ8zbwu1PiU5V.jpg
884605,Sin malos rollos,2023,104,"Comedia, Romance",Excellent Cadaver,2023-06-15,"Jennifer Lawrence, Andrew Barth Feldman, Laura Benanti",Gene Stupnitsky,3393,6.727,https://image.tmdb.org/t/p/w500/hKlpYtDLBtJEvYVvaUIq39Gh6rI.jpg
1480799,The Great Escape,2023,90,"Acción, Suspense",N/A,2023-05-26,,,4,6.75,https://image.tmdb.org/t/p/w500/iTpgKfg70wbzA15xZF8k1lZhCgM.jpg
934433,Scream VI,2023,123,"Terror, Crimen, Suspense",Radio Silence,2023-03-08,"Melissa Barrera, Jenna Ortega, Jasmin Savoy Brown","Tyler Gillett, Matt Bettinelli-Olpin",2825,6.99,https://image.tmdb.org/t/p/w500/zh0JffFtxcWEJBLKayH3d34WnNT.jpg
787699,Wonka,2023,117,"Comedia, Familia, Fantasía",Warner Bros. Pictures,2023-12-06,"Timothée Chalamet, Calah Lane, Keegan-Michael Key",Paul King,3933,7.078,https://image.tmdb.org/t/p/w500/6eHcR7zwvNSvkOl9jbctU0lvZQ1.jpg
968051,La monja II,2023,110,Terror,New Line Cinema,2023-09-06,"Taissa Farmiga, Jonas Bloquet, Storm Reid",Michael Chaves,2205,6.707,https://image.tmdb.org/t/p/w500/hbP1KNvyNX8av2sVsOix1za9T4C.jpg
466420,Los asesinos de la luna,2023,206,"Crimen, Historia, Drama",Apple Studios,2023-10-18,"Leonardo DiCaprio, Robert De Niro, Lily Gladstone",Martin Scorsese,3659,7.426,https://image.tmdb.org/t/p/w500/gKsOy5rO5vuzmUyGeDXcfZo94lo.jpg
792307,Pobres criaturas,2023,141,"Ciencia ficción, Romance, Comedia",Searchlight Pictures,2023-12-07,"Emma Stone, Mark Ruffalo, Willem Dafoe",Giórgos Lánthimos,4802,7.684,https://image.tmdb.org/t/p/w500/9OYMVcP2zyw0zpWOTuxlDo2MsMw.jpg
753342,Napoleón,2023,158,"Historia, Bélica, Romance",Apple Studios,2023-11-22,"Joaquin Phoenix, Vanessa Kirby, Tahar Rahim",Ridley Scott,2770,6.347,https://image.tmdb.org/t/p/w500/opn1o3OClYWOHgsJ0QWA74ytwBx.jpg
695721,Los Juegos del Hambre: Balada de pájaros cantores y serpientes,2023,157,"Drama, Ciencia ficción, Aventura, Acción",Lionsgate,2023-11-15,"Tom Blyth, Rachel Zegler, Peter Dinklage",Francis Lawrence,3096,7.01,https://image.tmdb.org/t/p/w500/lQS3Owbte49Mkz5nFach4UgSZDF.jpg
335977,Indiana Jones y el dial del destino,2023,155,"Aventura, Acción",Lucasfilm Ltd.,2023-06-25,"Harrison Ford, Phoebe Waller-Bridge, Mads Mikkelsen",James Mangold,3707,6.547,https://image.tmdb.org/t/p/w500/3Sj5ubQ0BLXd6JuECq52Ira8Oor.jpg
1135850,STW,2023,26,"Drama, Romance",Kelas Bintang,2023-04-30,,,1,10.0,https://image.tmdb.org/t/p/w500/zKxhwCiCf9W9fFzVsZlQJzvFkQH.jpg
893723,La Patrulla Canina: La superpelícula,2023,87,"Familia, Comedia, Aventura, Animación",Nickelodeon Movies,2023-09-21,"Mckenna Grace, Taraji P. Henson, Marsai Martin",Cal Brunker,497,7.0,https://image.tmdb.org/t/p/w500/74UljzdgFuYo0BqzuEO2s2azObe.jpg
493529,Dungeons & Dragons: Honor entre ladrones,2023,134,"Aventura, Fantasía, Comedia",Entertainment One,2023-03-23,"Chris Pine, Michelle Rodríguez, Justice Smith","John Francis Daley, Jonathan Goldstein",4043,7.341,https://image.tmdb.org/t/p/w500/77XBzUUFX5aHI3Jz3ipJTtsDWzk.jpg
713704,Posesión infernal: El despertar,2023,96,"Terror, Suspense",New Line Cinema,2023-04-12,"Lily Sullivan, Alyssa Sutherland, Morgan Davies",Lee Cronin,3305,6.936,https://image.tmdb.org/t/p/w500/ioMtng0qHbwNjR1fuxYZsRf1kjm.jpg
940721,Godzilla Minus One,2023,124,"Ciencia ficción, Terror, Acción",TOHO,2023-11-03,"Ryunosuke Kamiki, 浜辺美波, 山田裕貴",Takashi Yamazaki,2703,7.6,https://image.tmdb.org/t/p/w500/AjbaIWNKMkXF7I29n20f7rYsEki.jpg
1008042,Háblame,2023,95,Terror,Causeway Films,2023-07-26,"Sophie Wilde, Alexandra Jensen, Joe Bird","Michael Philippou, Danny Philippou",3263,7.159,https://image.tmdb.org/t/p/w500/nfY0LdXZzggFKfjhyHVEHZfO484.jpg
1138749,The Island,2023,93,"Acción, Crimen, Suspense",MSR Media SKN,2023-07-21,"Michael Jai White, Jackson Rathbone, Gillian White",Shaun Paul Piccinino,89,6.197,https://image.tmdb.org/t/p/w500/l3ysmDejyuh4DKZYhY09R2e6StD.jpg
930094,"Rojo, blanco y sangre azul",2023,121,"Comedia, Romance",Amazon Studios,2023-07-27,"Taylor Zakhar Perez, Nicholas Galitzine, Uma Thurman",Matthew López,1387,8.0,https://image.tmdb.org/t/p/w500/5XGt6CpWpkGnGOrrjfOMhNzDDSS.jpg
882569,El pacto,2023,123,"Bélica, Acción, Suspense",STXfilms,2023-04-19,"Jake Gyllenhaal, Dar Salim, Sean Sagar",Guy Ritchie,2788,7.75,https://image.tmdb.org/t/p/w500/nq7NbZtNfIHyL1NXPV1EiG4XQ7u.jpg
640146,Ant-Man y la Avispa: Quantumanía,2023,125,"Acción, Aventura, Ciencia ficción",Marvel Studios,2023-02-15,"Paul Rudd, Evangeline Lilly, Michael Douglas",Peyton Reed,5325,6.277,https://image.tmdb.org/t/p/w500/lKHy0ntGPdQeFwvNq8gK1D0anEr.jpg
1090007,First Shift,2024,89,"Crimen, Suspense, Acción",Event Filmproduktion,2024-08-30,"Gino Anthony Pesi, Kristen Renton, James McMenamin",Uwe Boll,26,5.615,https://image.tmdb.org/t/p/w500/ajsGI4JYaciPIe3gPgiJ3Vw5Vre.jpg
1311844,The Twisters,2024,87,"Acción, Aventura, Drama",Atomic Blonde Entertainment,2024-06-28,"Tiffany, Mark Justice, Kayla Fields",Michael Su,49,5.888,https://image.tmdb.org/t/p/w500/8OP3h80BzIDgmMNANVaYlQ6H4Oc.jpg
605722,Larga Distancia,2024,87,"Ciencia ficción, Comedia, Acción",DreamWorks Pictures,2024-07-12,"Anthony Ramos, Naomi Scott, Kristofer Hivju","Will Speck, Josh Gordon",148,6.389,https://image.tmdb.org/t/p/w500/reDAdPDDZs5diNTef6UNuRwHomW.jpg
1442776,Guerra de mutantes,2024,75,"Acción, Suspense, Terror",N/A,2024-03-27,Sammy Sum,Cecil Man Ching Cheng,20,6.25,https://image.tmdb.org/t/p/w500/nimnvsGwgJBPnsRrmdlIDi2Yhbn.jpg
1408248,El juego del calamar: Chimenea,2024,60,,N/A,2024-12-12,,,124,6.944,https://image.tmdb.org/t/p/w500/cIIMvxLztRs1MbXH0oqaw3SGV0q.jpg
1363224,Fear Cabin: The Last Weekend of Summer,2024,77,Terror,Brian Krainson Film Studios,2024-09-27,"Brody Wellmaker, Brian Krainson, Violet SinClair",Brian Krainson,3,8.667,https://image.tmdb.org/t/p/w500/gaSqrnpSnTq5oYno0KnDyDXAF5r.jpg
1240475,Caza al mal,2024,103,Acción,Tencent Video,2024-07-18,"谢苗, 安志杰, 連凱",Chris Huo,6,7.2,https://image.tmdb.org/t/p/w500/n78hDmtawKOvJh3YLMcC5OJr2ER.jpg
1018990,Continente,2024,116,"Terror, Drama",Vulcana Cinema,2024-07-18,"Olívia Torres, Ana Flavia Cavalcanti, Corentin Fila",Davi Pretto,5,6.0,https://image.tmdb.org/t/p/w500/iZLWNFNtCsq6a2rA0uRb1XG03Ga.jpg
1379587,Utopia,2024,93,"Misterio, Suspense, Acción, Ciencia ficción",SP Media Group,2024-12-09,"Moe Dunford, Charlotte Vega, Michael D. Xavier",James Bamford,42,5.476,https://image.tmdb.org/t/p/w500/81PlfsAsb2wLY56UsbnUpMn80xh.jpg
1017163,Fuerza bruta: Castigo,2024,109,"Acción, Crimen, Drama, Suspense, Comedia",BA Entertainment,2024-04-24,"마동석, 김무열, 박지환",허명행,163,6.991,https://image.tmdb.org/t/p/w500/h6DvCL25R61iRzN7qkUnFg6O33A.jpg
1289601,Lucha por tu vida,2024,126,"Acción, Drama, Suspense",Blue Stone Media,2024-06-07,"Bren Foster, Cassie Howarth, Luke Ford",Bren Foster,44,7.0,https://image.tmdb.org/t/p/w500/8iZZyL7FyC4wYipwKemvuf58U3R.jpg
1241982,Vaiana 2,2024,100,"Animación, Aventura, Familia, Comedia",Walt Disney Pictures,2024-11-21,"Auliʻi Cravalho, Dwayne Johnson, Hualālai Chung","David G. Derrick Jr., Jason Hand, Dana Ledoux Miller",2516,7.077,https://image.tmdb.org/t/p/w500/b1WsCRfomw7tRi12NuseKsAJxYK.jpg
1152619,Possessions,2024,90,Terror,Paperclip,2024-04-12,"Clive Standen, Yeardley Smith, Mason Wells",Brent Cote,32,5.313,https://image.tmdb.org/t/p/w500/39a7zYZvkGfs7EOVVK3dQlWyYJ0.jpg
939243,Sonic 3: La película,2024,110,"Acción, Ciencia ficción, Comedia, Familia",Paramount Pictures,2024-12-19,"Jim Carrey, Ben Schwartz, Keanu Reeves",Jeff Fowler,2731,7.707,https://image.tmdb.org/t/p/w500/3aDWCRXLYOCuxjrjiPfLd79tcI6.jpg
1180648,Mudbrick,2024,83,"Terror, Drama",Mir Media Group,2024-10-10,"Andrew Howard, Philip Brodie, Kamka Tocinovski",Nikola Petrović,10,5.8,https://image.tmdb.org/t/p/w500/paVJNyxq5odaAHC9YlmNUlceQpu.jpg
1377424,വിക്ടോറിയ,2024,84,Drama,N/A,2024-12-14,"Meenakshi Jayan, Sreeshma Chandran, Jolly Chirayath",Sivaranjini J,2,7.5,https://image.tmdb.org/t/p/w500/hw09PdM2o7pF1zxn1pM8NTMPzno.jpg
1365103,Marriage Unplugged,2024,15,,Jeva Films,2024-10-28,"Nikki Amuka-Bird, Nicholas Gleaves, Sven Ironside","Florine Nüesch, Kim Nüesch",2,8.0,https://image.tmdb.org/t/p/w500/3H99Wl52sBPRqXZ3LJjgODOLfwX.jpg
762509,Mufasa: El rey león,2024,118,"Aventura, Familia, Animación",Walt Disney Pictures,2024-12-18,"Aaron Pierre, Kelvin Harrison, Jr., Tiffany Boone",Barry Jenkins,2226,7.388,https://image.tmdb.org/t/p/w500/dmw74cWIEKaEgl5Dv3kUTcCob6D.jpg
1022789,Del revés 2 (Inside Out 2),2024,96,"Animación, Aventura, Comedia, Familia",Pixar,2024-06-11,"Amy Poehler, Maya Hawke, Kensington Tallman",Kelsey Mann,5945,7.555,https://image.tmdb.org/t/p/w500/lE3DCRI7bQgHSiIuEPcFiXpiuGV.jpg
1317276,映画 ギヴン 海へ,2024,80,"Animación, Romance",Aniplex,2024-09-20,"Shogo Yano, Yuma Uchida, Masatomo Nakazawa",橋本能理子,3,9.3,https://image.tmdb.org/t/p/w500/qUentZw7lvaRVbf2MRHVW8y1la8.jpg
533535,Deadpool y Lobezno,2024,127,"Acción, Comedia, Ciencia ficción",Marvel Studios,2024-07-24,"Ryan Reynolds, Hugh Jackman, Emma Corrin",Shawn Levy,7418,7.59,https://image.tmdb.org/t/p/w500/9TFSqghEHrlBMRR63yTx80Orxva.jpg
1156593,Culpa tuya,2024,120,"Romance, Drama",Pokeepsie Films,2024-12-26,"Nicole Wallace, Gabriel Guevara, Marta Hazas",Domingo González,1288,7.137,https://image.tmdb.org/t/p/w500/1jvCVdlgInyItAUEvvvCakm1Yxz.jpg
912649,Venom: El último baile,2024,109,"Acción, Ciencia ficción, Aventura",Columbia Pictures,2024-10-22,"Tom Hardy, Chiwetel Ejiofor, Juno Temple",Kelly Marcel,3545,6.717,https://image.tmdb.org/t/p/w500/8F74DwgFxTIBNtbqSLjR7zWmnHh.jpg
1098378,Amor a lo bestia,2024,104,"Romance, Comedia, Terror",Bombo Sports and Entertainment,2024-10-25,"Melissa Barrera, Tommy Dewey, Edmund Donovan",Caroline Lindy,64,6.602,https://image.tmdb.org/t/p/w500/ps2vTRDkYYkYD7ajf4K3mz264t.jpg
1184918,Robot salvaje,2024,101,"Animación, Ciencia ficción, Familia",DreamWorks Animation,2024-09-12,"Lupita Nyong'o, Pedro Pascal, Kit Connor",Chris Sanders,5120,8.312,https://image.tmdb.org/t/p/w500/a0a7RC01aTa7pOnskgJb3mCD2Ba.jpg
519182,Gru 4. Mi villano favorito,2024,94,"Familia, Comedia, Animación, Ciencia ficción",Universal Pictures,2024-06-20,"Steve Carell, Kristen Wiig, Will Ferrell",Chris Renaud,2823,7.044,https://image.tmdb.org/t/p/w500/iE9Pi1hkiLUm88uF7o9L9Yzl4lW.jpg
1094473,"Bambi, una vida en el bosque",2024,77,"Aventura, Familia, Documental",MC4,2024-10-16,"Mylène Farmer, Senta Berger, Arja Koriseva",Michel Fessler,30,5.8,https://image.tmdb.org/t/p/w500/fvtIXQH4JcifptPe0J9GfLDIOAQ.jpg
1079810,Golpes de acero,2024,110,"Drama, Familia",Mucho Mas Media,2024-04-12,"Jay Hernandez, Dennis Quaid, Cheech Marin",Julio Quintana,62,7.0,https://image.tmdb.org/t/p/w500/6MvcdqzMpdzjgVNfVuSzJNB19kp.jpg
1411773,The Last Stand of Ellen Cole,2024,92,"Acción, Aventura",Regency Enterprises,2024-10-18,"Lin Shaye, Liz Caribel Sierra, Craig Tate","Derek Lee, Clif Prowse",26,8.096,https://image.tmdb.org/t/p/w500/oq1pGVQ2t3Cy4v7sA4LRhNjtZuJ.jpg
1011985,Kung Fu Panda 4,2024,94,"Animación, Familia, Acción, Comedia, Aventura, Fantasía",DreamWorks Animation,2024-03-02,"Jack Black, Awkwafina, Viola Davis",Mike Mitchell,3126,7.059,https://image.tmdb.org/t/p/w500/7JspmokDnpm8SEg28wtstfGps0K.jpg
933260,La sustancia,2024,141,"Drama, Terror, Ciencia ficción",Working Title Films,2024-09-07,"Demi Moore, Margaret Qualley, Dennis Quaid",Coralie Fargeat,4786,7.14,https://image.tmdb.org/t/p/w500/w1PiIqM89r4AM7CiMEP4VLCEFUn.jpg
823219,"Flow, un mundo que salvar",2024,84,"Animación, Aventura, Fantasía",Dream Well Studio,2024-08-29,,Gints Zilbalodis,2081,8.176,https://image.tmdb.org/t/p/w500/337MqZW7xii2evUDVeaWXAtopff.jpg
558449,Gladiator II,2024,148,"Acción, Aventura, Drama",Paramount Pictures,2024-11-13,"Paul Mescal, Denzel Washington, Pedro Pascal",Ridley Scott,3582,6.702,https://image.tmdb.org/t/p/w500/fbcs5AxrdXwyj1b8bGGMgC9kXrM.jpg
359410,Road House (De profesión: duro),2024,114,"Acción, Suspense",Silver Pictures,2024-03-08,"Jake Gyllenhaal, Billy Magnussen, Daniela Melchior",Doug Liman,2560,6.955,https://image.tmdb.org/t/p/w500/cLmtOWMhkqQ1F0AZHIW7HS103no.jpg
539972,Kraven the Hunter,2024,126,"Acción, Aventura, Suspense",Columbia Pictures,2024-12-11,"Aaron Taylor-Johnson, Ariana DeBose, Fred Hechinger",J.C. Chandor,1799,6.5,https://image.tmdb.org/t/p/w500/gabWTSVhzltlKkmcqPoJmjKJxyb.jpg
1199974,Párvulos: Hijos Del Apocalipsis,2024,119,Terror,Red Elephant,2024-10-18,"Noé Hernández, Carla Adell, Juan Carlos Remolina",Isaac Ezban,25,6.62,https://image.tmdb.org/t/p/w500/oAj9KEuPZgQjd0UO2VmBqAY0wnd.jpg
402431,Wicked,2024,162,"Drama, Romance, Fantasía",Universal Pictures,2024-11-20,"Cynthia Erivo, Ariana Grande, Jeff Goldblum",Jon M. Chu,2218,6.9,https://image.tmdb.org/t/p/w500/hDQXqvmmikekQ15uxhisBDwEA63.jpg
811941,Devara: Parte 1,2024,175,"Acción, Drama",N. T. R. Arts,2024-09-26,"N.T. Rama Rao Jr., Saif Ali Khan, Prakash Raj",Koratala Siva,197,6.964,https://image.tmdb.org/t/p/w500/lQfuaXjANoTsdx5iS0gCXlK9D2L.jpg
1064213,Anora,2024,138,"Drama, Comedia, Romance",Cre Film,2024-10-14,"Mikey Madison, Марк Эйдельштейн, Юра Борисов",Sean Baker,2336,7.05,https://image.tmdb.org/t/p/w500/tZCrWnyN4zEtJiFem5TFoYT8nxI.jpg
1241894,Woodwalkers,2024,103,"Familia, Fantasía",Blue Eyes Fiction,2024-10-17,"Emile Chérif, Lilli Falk, Johan von Ehrlich",Damián John Harper,30,6.317,https://image.tmdb.org/t/p/w500/n84V8SLmc7242ltKRePD5uvP8Xb.jpg
589018,Salvajes,2024,87,"Aventura, Animación, Drama, Familia",Nadasdy Film,2024-10-16,"Babette De Coster, Martin Verset, Laetitia Dosch",Claude Barras,25,6.9,https://image.tmdb.org/t/p/w500/reiMKMAnOF68EF8f8ai8YrScqdb.jpg
947891,Mi yo adulta,2024,89,"Comedia, Drama",Indian Paintbrush,2024-09-13,"Maisy Stella, Aubrey Plaza, Percy Hynes White",Megan Park,352,6.865,https://image.tmdb.org/t/p/w500/e6AcxsoQny1iqsEVbrR1IjmDZpA.jpg
1359977,Expediente Bryson: Conjuring the Cult,2024,93,"Terror, Drama",7th Street Productions,2024-10-01,"Neil Green, Elissa Dowling, Chynna Rae Shurts",Calvin Morie McCarthy,34,5.588,https://image.tmdb.org/t/p/w500/z4O2wCMm534pnoxXziQu95wMuX9.jpg
1252309,Pídeme lo que quieras,2024,114,"Romance, Drama",Versus Entertainment,2024-11-29,"Gabriela Andrada, Mario Ermito, Celia Freijeiro",Lucía Alemany,222,6.243,https://image.tmdb.org/t/p/w500/5rtaLwyKAjbceww4J1ro8aA8BNB.jpg
845781,Red One,2024,124,"Acción, Comedia, Fantasía",Seven Bucks Productions,2024-10-31,"Dwayne Johnson, Chris Evans, Kiernan Shipka",Jake Kasdan,2565,7.036,https://image.tmdb.org/t/p/w500/dpskAcm71w5v8zQ8RmPmJiP31Om.jpg
693134,Dune: Parte dos,2024,167,"Ciencia ficción, Aventura",Legendary Pictures,2024-02-27,"Timothée Chalamet, Zendaya, Rebecca Ferguson",Denis Villeneuve,6791,8.1,https://image.tmdb.org/t/p/w500/xCHmhHeO7aOCMlzcNukGH6Q7EiD.jpg
945961,Alien: Romulus,2024,119,"Terror, Ciencia ficción",20th Century Studios,2024-08-13,"Cailee Spaeny, David Jonsson, Archie Renaux",Fede Álvarez,3759,7.194,https://image.tmdb.org/t/p/w500/8PYqGSd8MOm5ce8io4qNSAiSExW.jpg
1303162,Cells at Work!,2024,110,"Aventura, Acción, Comedia, Fantasía",Warner Bros. Japan,2024-12-13,"永野芽郁, 佐藤健, 芦田愛菜",武内英樹,32,7.781,https://image.tmdb.org/t/p/w500/2Nf05hK89IFsaIBScAHQUNaRELX.jpg
1275964,Mejores amigas,2024,90,Comedia,Before the Door Pictures,2024-06-08,"Katie Corwin, Delaney Buffett, Zachary Quinto",Delaney Buffett,10,4.8,https://image.tmdb.org/t/p/w500/zh0J9bMEzW8RSiopn7FRxFnB2rq.jpg
1160956,Operación Panda: Misión Rescate,2024,99,"Acción, Comedia",Emei Film Studio,2024-10-01,"Jackie Chan, Shi Ce, 魏翔",張欒,212,6.896,https://image.tmdb.org/t/p/w500/bnfnruEYFhANxt4O5WD8yxjaAPP.jpg
